Module/reference,Terminal,Signal / power rail
U1,5V,+5V
U1,3V3,+3V3
U1,GND,GND
U1,1,BAT_ADC
U1,11,BUTTON_1
U1,12,BUTTON_2
U1,15,NFC_IRQ
U1,8,I2C_SDA
U1,9,I2C_SCL
U1,5,I2S_BCLK
U1,6,I2S_LRC
U1,7,I2S_DIN
U1,10,OLED_RST
U1,16,NFC_VEN
U2,VBUS,VBUS
U2,BAT,+BATT
U2,GND,GND
U2,OUT,VCC
U3,IN,VCC
U3,GND,GND
U3,OUT,+5V
U3,EN,VCC
U4,VIN,VCC
U4,GND,GND
U4,BCLK,I2S_BCLK
U4,LRC,I2S_LRC
U4,DIN,I2S_DIN
U4,PLUS,SPK_PLUS
U4,MINUS,SPK_MINUS
U4,GAIN,VCC
U4,SD,Leave open
U5,3V,+3V3
U5,GND,GND
U5,SDA,I2C_SDA
U5,SCL,I2C_SCL
U5,RST,OLED_RST
U6,VCC,+3V3
U6,GND,GND
U6,SDA,I2C_SDA
U6,SCL,I2C_SCL
U6,SQW,Leave open
U7,VIN,+3V3
U7,GND,GND
U7,SDA,I2C_SDA
U7,SCL,I2C_SCL
U8,VIN,+3V3
U8,GND,GND
U8,SDA,I2C_SDA
U8,SCL,I2C_SCL
U8,INT,Leave open
U9,7,+3V3
U9,8,GND
U9,11,I2C_SDA
U9,12,I2C_SCL
U9,16,NFC_VEN
U9,15,NFC_IRQ
U9,9,GND
BT1,1,+BATT
BT1,2,GND
C1,1,VCC
C1,2,GND
LS1,1,SPK_PLUS
LS1,2,SPK_MINUS
R1,1,+BATT
R1,2,BAT_ADC
R2,1,BAT_ADC
R2,2,GND
C2,1,BAT_ADC
C2,2,GND
SW1,1,BUTTON_1
SW1,2,GND
SW2,1,BUTTON_2
SW2,2,GND
